[{"id":1,"author":"Maja Lidia Kossakowska","quote":"Nie przewrócę się, nawet się kurwa nie potknę","group":"fantastyka","how":6},{"id":2,"author":"Suzanne Collins","quote":"Pozbierać jest się dziesięć razy trudniej, niż rozsypać.","group":"psychologia","how":8},{"id":3,"author":"Gilbert Keith Chasterton","quote":"Pokój bez książek to jak ciało bez duszy.","group":"filozofia","how":10},{"id":4,"quote":"Książki są lustrem: widzisz w nich tylko to co, już masz w sobie.","author":"Carlos Ruiz Zafón","group":"server","how":4},{"id":5,"quote":"Kocham cię. Będę cię kochał do dnia, w którym umrę. A jeśli po tym jest jakieś życie, to wtedy też będę cię kochał.","author":"Cassandra Clare","group":"server","how":0},{"id":6,"quote":"Żaden dzień się nie powtórzy,\nnie ma dwóch podobnych nocy,\ndwóch tych samych pocałunków,\ndwóch jednakich spojrzeń w oczy.","author":"Wisława Szymborska","group":"server","how":1},{"id":7,"quote":"Miłość nie polega na tym, aby wzajemnie sobie się przyglądać, lecz aby patrzeć razem w tym samym kierunku.","author":"Antoine de Saint-Exupéry","group":"server","how":1},{"id":8,"quote":"-Powiedziałeś, że chcesz się przejść. Jaki spacer trwa sześć godzin?! \n-Długi?","author":"Cassandra Clare","group":"server","how":0},{"id":9,"quote":"Kochać to niszczyć, a być kochanym, to zostać zniszczonym","author":"Cassandra Clare","group":"server","how":0},{"id":10,"quote":"To, że twoja wrażliwość uczuciowa mieści się w łyżeczce od herbaty, nie świadczy o tym, że wszyscy są tak upośledzeni.","author":"J.K. Rowling","group":"server","how":2},{"id":11,"quote":"Śmierć jest łatwa, prosta, życie jest trudniejsze.","author":"Stephenie Meyer","group":"server","how":0},{"id":12,"quote":"O miłości wiemy niewiele. Z miłością jest jak z gruszką. Gruszka jest słodka i ma kształt. Spróbujcie zdefiniować kształt gruszki.","author":"Andrzej Sapkowski","group":"server","how":1},{"id":13,"quote":"Nigdy nie ma się drugiej okazji, żeby zrobić pierwsze wrażenie.","author":"Andrzej Sapkowski","group":"server","how":1},{"id":14,"quote":"Jest śmierć i podatki, ale podatki są gorsze, bo śmierć przynajmniej nie trafia się człowiekowi co roku.","author":"Terry Pratchett","group":"server","how":1},{"id":15,"quote":"Tylko dwie rzeczy są nieskończone: wszechświat oraz ludzka głupota, choć nie jestem pewien co do tej pierwszej.","author":"Albert Einstein","group":"server","how":1},{"id":16,"quote":"Lepiej bez celu iść naprzód niż bez celu stać w miejscu, a z pewnością o niebo lepiej, niż bez celu się cofać.","author":"Andrzej Sapkowski","group":"server","how":2},{"id":17,"quote":"Trzeba coś kochać, żeby to znienawidzić.","author":"Nicholas Sparks","group":"server","how":1},{"id":18,"quote":"Czytać to bardziej żyć, to żyć intensywniej.","author":"Carlos Ruiz Zafón","group":"server","how":3},{"id":19,"quote":"Życie jest jak pudełko czekoladek - nigdy nie wiesz, co ci się trafi.","author":"Winston Groom","group":"server","how":2},{"id":20,"quote":"To możliwość spełnienia marzeń sprawia, że życie jest tak fascynujące.","author":"Paulo Coelho","group":"server","how":0},{"id":21,"quote":"Dziura w moim sercu ma twój kształt i nikt inny do niej nie pasuje.","author":"Jeanette Winterson","group":"server","how":0},{"id":22,"quote":"Nie mogę uwierzyć, że tak normalnie wyglądam na zewnątrz, choć w środku mam kompletne pobojowisko.","author":"Suzanne Collins","group":"server","how":0},{"id":23,"quote":"Złota myśl","author":"Ktoś","group":"no identified","how":1},{"id":24,"quote":"Miałem zły dzień. Tydzień. Miesiąc. Rok. Życie. Cholera jasna.","author":"Charles Bukowski","group":"server","how":0},{"id":25,"quote":"...życie to taki dziwny prezent. Na początku się je przecenia: sądzi się, że dostało się życie wieczne. Potem się go nie docenia, uważa się, że jest do chrzanu, za krótkie, chciałoby się niemal je odrzucić. W końcu kojarzy się, że to nie był prezent, ale jedynie pożyczka. I próbuje się na nie zasłużyć.","author":"Éric-Emmanuel Schmitt","group":"server","how":3},{"id":26,"quote":"Nie żałuj umarłych, Harry, żałuj żywych, a przede wszystkim tych, którzy żyją bez miłości.","author":"J.K. Rowling","group":"server","how":1},{"id":27,"quote":"Kocha się za nic. Nie istnieje żaden powód do miłości.","author":"Paulo Coelho","group":"server","how":1},{"id":28,"quote":"Istniejemy póki ktoś o nas pamięta.","author":"Carlos Ruiz Zafón","group":"server","how":2},{"id":29,"quote":"Lepiej kochać, a potem płakać. Następna bzdura. Wierzcie mi, wcale nie lepiej. Nie pokazujcie mi raju, żeby potem go spalić.","author":"Harlan Coben","group":"server","how":0},{"id":30,"quote":"Wiadomym jest mi, że masz lat blisko czterdzieści, wyglądasz na blisko trzydzieści, wyobrażasz sobie, że masz nieco ponad dwadzieścia, a postępujesz tak jakbyś miał niecałe dziesięć.","author":"Andrzej Sapkowski","group":"server","how":0},{"id":31,"quote":"Najpiękniejszych chwil w życiu nie zaplanujesz. One przyjdą same.","author":"Phil Bosmans","group":"server","how":0},{"id":32,"quote":"Nie wiadomo, dlaczego wszyscy mówią do kotów 'ty', choć jako żywo żaden kot nigdy z nikim nie pił bruderszaftu.","author":"Michaił Bułhakow","group":"server","how":0},{"id":33,"quote":"-Puchatku? \n-Tak Prosiaczku? \n-Nic- powiedział Prosiaczek biorąc Puchatka za łapkę - Chciałem się tylko upewnić, że jesteś.","author":"Alan Alexander Milne","group":"server","how":0},{"id":34,"quote":"Coś tam","author":"Nijaki taki","group":"no identified","how":0},{"id":35,"quote":"Coś tam","author":"Nijaki taki","group":"fantastyka","how":0},{"id":36,"quote":"Nijaki taki","author":"Coś tam","group":"fantastyka","how":0},{"id":37,"quote":"Nijaki taki","author":"Coś tam","group":"fantastyka","how":0},{"id":38,"quote":"Sarkazm to ostatnia deska ratunku, dla osób o upośledzonej wyobraźni.","author":"Cassandra Clare","group":"server","how":0},{"id":39,"quote":"Jak kot leży to niech leży","author":"Jaś Fasola","group":"bajki","how":0},{"id":40,"quote":"Jak kot leży to niech leży","author":"Jaś Fasola","group":"bajk","how":0},{"id":41,"quote":"Jak kot leży to niech leży","author":"Jaś Fasola","group":"bajk","how":0},{"id":42,"quote":"Jak kot leży to niech leży","author":"Jaś Fasola","group":"bajk","how":0},{"id":43,"quote":"Jak kot leży to niech leży","author":"Jaś Fasola","group":"bajk","how":0},{"id":44,"quote":"Jak kot leży to niech leży","author":"Jaś Fasola","group":"bajk","how":0},{"id":45,"quote":"Jak kot leży to niech leży","author":"Jaś Fasola","group":"bajk","how":0},{"id":46,"quote":"-Nie zakochałeś się jeszcze we właściwiej osobie?\n-Niestety, moją jedyną miłością pozostaję ja sam.\n-Przynajmniej nie martwisz się odrzuceniem, chłopcze.\n-Niekoniecznie. Od czasu do czasu się odtrącam, żeby było ciekawiej.","author":"Cassandra Clare","group":"server","how":0},{"id":47,"quote":"Jak kot leży to niech leży","author":"Jaś Fasola","group":"bajk","how":0}]